45,0,2924.38,-798.429,161.611,8,0,0,0,0
71,0,-10645.9,1179.06,48.1781,27,0,0,0,0
78,0,-11208.5,1685.34,25.7612,7,0,0,0,0
84,0,16449.9,16393.2,69.4444,15,0,0,0,0
87,0,-9077.34,-552.925,60.3476,30,0,0,0,0
88,0,-9843.54,127.525,5.3698,10,0,0,0,0
97,0,-5660.33,755.299,389.605,15,0,0,0,0
98,0,-11634.8,-54.0697,13.4439,30,0,0,0,0
100,0,2019.3494,1904.3594,105.14445,7,0,0,0,0
101,0,-8761.85,848.557,87.8052,0,4.972,9.694,7.444,0.6632
107,0,-8667.56,623.563,85.4054,7,0,0,0,0
145,0,-229.49,1576.35,78.8909,7,0,0,0,0
168,0,-5584.2065,759.83215,384.29016,15,0,0,0,0
169,0,-5586.46,679.298,384.955,8,0,0,0,0
171,0,-5763.72,-3439.58,306.366,50,0,0,0,0
173,0,1058.11,1554.68,-15,90,0,0,0,0
175,0,-4086.36,-2610.95,46.0143,20,0,0,0,0
178,0,683.771,-912.144,174.5,5,0,0,0,0
196,0,-12153.621,894.01373,9.538913,80,0,0,0,0
197,0,-9796.18,157.773,25.3878,9,0,0,0,0
284,0,-8681.37,434.406,99.2579,7,0,0,0,0
286,0,-6053.73,-2954.63,213.686,10,0,0,0,0
324,0,-5161.33,939.623,258.288,10,0,0,0,0
342,0,-9029.174,-608.32886,56.4679,30,0,0,0,0
362,0,-10429.435,-3828.8408,-31.629646,150,0,0,0,0
382,0,-8681.4,434.439,99.259,7,0,0,0,0
446,0,-10162.7,-3998.65,-107.978,11,0,0,0,0
482,0,-8932.78,-1986.4,139.905,12,0,0,0,0
523,0,-4858.27,785.03,241.06,12,0,0,0,0
562,0,-9465.58,16.8472,65.921,30,0,0,0,0
610,0,2925.18,-820.545,161.634,8,0,0,0,0
612,0,2877.98,-839.267,163.049,6,0,0,0,0
614,0,2859.73,-824.91,162.083,8,0,0,0,0
682,0,-9219.37,-2149.94,70.606,30,0,0,0,0
702,0,-9023.26,892.398,33.5096,7,0,0,0,0
704,0,-9020.09,880.502,151.576,7,0,0,0,0
707,0,-10517,-1158.39,39.0542,30,0,0,0,0
708,0,-854.547,-576.314,18.4659,0,56.19,27.53,28.53,4.712
710,0,-5601.46,-530.747,395.483,35,0,0,0,0
712,0,-5390.18,-2953.93,322.03,36,0,0,0,0
713,0,-3823.06,-834.526,18.2789,30,0,0,0,0
719,0,2266.68,245.993,44.4145,30,0,0,0,0
720,0,511.536,1638.63,75.4173,50,0,0,0,0
721,0,-4.94444,-934.91,62.4686,0,24.56,25.72,11.58,5.829
802,0,-3752.81,-851.558,10.1153,20,0,0,0,0
803,0,-3668.34,-823.839,9.89915,12,0,0,0,0
844,0,-10487.3,-3256.87,39.8964,30,0,0,0,0
862,0,-14457,496.45,39.1392,28,0,0,0,0
902,0,-6606.48,-3762.19,266.91,12,0,0,0,0
1042,0,357.22,-2106.09,121.839,60,0,0,0,0
1103,0,-14468,457.513,15.9822,2,0,0,0,0
1104,0,-5096.76,750.205,260.55,2,0,0,0,0
1125,0,-8561.54,823.383,106.519,3,0,0,0,0
1205,0,-295.639,-3460.68,193.884,14,0,0,0,0
1426,0,-11204.5,-2730.61,14.8972,2,0,0,0,0
1427,0,-11079.7,-2855.64,10.6911,2,0,0,0,0
1428,0,-11208.1,-2960.48,9.21449,2,0,0,0,0
1429,0,-11337.4,-2848.93,9.34404,2,0,0,0,0
1446,0,-11185.1,-2834.63,116.474,2,0,0,0,0
1466,0,-7176.63,-937.667,170.206,13,0,0,0,0
1468,0,-7518.19,-1239.13,287.243,10,0,0,0,0
1506,0,-7921.14,-2604.18,223.346,8,0,0,0,0
1606,0,-6657.35,-2157.1,264.133,30,0,0,0,0
1646,0,-907.865,-3534.24,83.7878,30,0,0,0,0
2146,0,16299.2,16277.3,73.9723,0,41.28,4.667,9.306,0
2173,0,-8346.46,514.031,96.5989,10,0,0,0,0
2175,0,-4840.26,-1330.46,508.172,10,0,0,0,0
2214,0,3237.46,-4060.6,112.01,0,10,10,10,0
2216,0,3392.46,-3396.77,143.073,0,22.83,8.083,34.69,0
2217,0,3392.56,-3361.78,142.802,0,27.94,7.083,35.19,0
2246,0,1757.26,-1165.93,59.6025,20,0,0,0,0
2248,0,1855.13,-1569.22,59.1825,20,0.3333,0.3333,0.3333,0
2250,0,1462.13,-1864.02,58.7028,20,0.3333,0.3333,0.3333,0
2252,0,1668.12,-2282.56,59.2221,20,0,0,0,0
2387,0,-9897.21,-3725.09,24.6671,15,0,0,0,0
2412,0,97.432,-176.274,127.866,0,10.56,16.5,22.17,5.253
2413,0,544.83,-1079.95,109.494,0,12.17,19.06,12.06,3.822
2532,0,-8768.525,409.83566,103.92065,0,8.833,4.333,7.833,2.251
2567,0,1282.05,-2548.73,85.3994,0,10.56,13.03,21.67,0.4712
2626,0,1756.79,-1200.15,60.7352,20,0,0,0,0
2627,0,1723.32,-1198.38,60.0096,20,0,0,0,0
2628,0,1723.1,-1166.71,59.5775,20,0,0,0,0
2629,0,1879.5985,-1546.0826,59.03011,20,0,0,0,0
2630,0,1903,-1570.26,59.7035,20,0,0,0,0
2631,0,1878.08,-1593.74,59.4739,20,0,0,0,0
2632,0,1487.03,-1840.91,58.6675,20,0,0,0,0
2633,0,1510.46,-1863.24,59.106,20,0,0,0,0
2634,0,1485.61,-1888.69,59.0902,20,0,0,0,0
2635,0,1681.1168,-2250.932,59.02112,20,0,0,0,0
2636,0,1712.75,-2263.28,64.0889,20,0,0,0,0
2637,0,1700.25,-2295.36,58.9846,20,0,0,0,0
2647,0,2841.81,-1544.52,190.516,7,0,0,0,0
2706,0,2964.56,-2712.89,98.7446,10,0.3333,0.3333,0.3333,0
2707,0,2980.1,-2720.92,99.9337,10,0.2778,0.2778,0.2778,0
2726,0,1868.96,-3223.39,123.065,35,0,0,0,0
2746,0,-8821.36,633.297,94.0758,15,0.2778,0.2778,0.2778,0
2786,0,-9050.87,445.458,93.0558,1,0.2778,0.2778,0.2778,0
3066,0,40.9673,-1490.37,174.516,8,0,0,0,0
3106,0,-30.0533,-1576.5,194.453,5,0,0,0,0
3366,0,2832.07,-1540.48,190.165,7,0,0,0,0
3367,0,2843.4,-1553.26,190.721,7,0,0,0,0
3528,0,-7510.87,-1035.87,182.952,0,3.833,0.3611,2.056,0.7156
3529,0,-7512.16,-1034.78,177.208,4,0,0,0,0
3530,0,-8536.18,452.165,104.917,10,0.3333,0.3333,0.3333,0
3547,0,1642.1,239.843,62.5916,13,0,0,0,0
3548,0,-4754.56,-3313.8,313.564,14,0,0,0,0
3552,0,-11413.6,1954.91,14.2409,22,0,0,0,0
3606,0,-7514.81,-1033.12,163.806,10,0,0,0,0
3690,0,-622.142,-4582.14,22.5761,0,27.39,27.17,21.64,3.194
3847,0,-7663.4,-1218.37,287.788,3,0,0,0,0
3886,0,-12432.8,205.169,2.36515,18,0,0,0,0
3928,0,-11915.8,-1236.43,96.1502,10,0,0,0,0
3953,0,-1189.27,-2532.19,22.705,0,7.5,13.5,17.31,0.03491
3954,0,-811.425,-3505.82,73.1377,0,5.167,14.31,16.92,0.6632
3991,0,1733.32,526.474,34.2494,35,0,0,0,0
4017,0,-10636.2,-391.307,101.878,10,0,0,0,0
4026,0,-5049.34,-818.454,495.295,2,0,0,0,0
4028,0,2051.36,272.572,57.1634,2,0,0,0,0
4029,0,-14294.3,516.088,8.95399,2,0,0,0,0
4030,0,-3755.105,-775.7048,9.88801,2,0,0,0,0
4032,0,-8823.48,540.301,96.9036,2,0.2778,0.2778,0.2778,0
4055,0,3133.15,-3730.29,138.659,0,10.03,10.03,10.03,0
4057,0,3133.26,-3730.84,138.658,0,10.03,10.03,10.03,0
4058,0,2298.17,-5340.98,90.8799,0,33.5,17.69,24.56,2.182
4092,0,-9061.93,349.758,93.0821,6,6,6,6,0
4094,0,-9118.96,327.822,93.1587,6,0,0,0,0
4095,0,-9182.62,414.857,89.5576,6,6,6,6,0
4096,0,-9218.13,318.627,73.8841,6,0,0,0,0
4098,0,-5163.25,-645.922,397.015,6,0,0,0,0
4099,0,-5175.19,-588.085,397.988,6,0,0,0,0
4100,0,1979.99,305.252,41.1865,6,0,0,0,0
4131,0,-11101.9,-1998.12,49.3307,0,20.08,13.83,14.69,0.6981
4135,0,-11041.9,-1995.01,93.0334,0,8.972,5.583,13.33,5.376
4189,0,1782.2,151.592,-62.2903,1,0,0,0,0
4294,0,2541.943,-4785.3223,117.45107,80,0,0,0,0
4354,0,-11908.9,-3209.1,-14.7905,0,3.833,15.47,25.83,3.281
4409,0,3483.58,-4510.19,138.138,0,27.5,67.33,45.97,5.306
4712,0,-5139.7803,-623.5968,397.40903,5,0.2778,0.2778,0.2778,0
4715,0,-5172.12,-611.084,397.217,5,0,0,0,0
4716,0,-5140.4033,-596.00696,397.4938,5,0,0,0,0
4718,0,-5173.604,-624.0498,397.17618,8,0,0,0,0
4733,0,-9017.1,876.97,148.618,0,3,3,3,0
4734,0,-9020.4,889.086,29.6207,0,3,3,3,0
4769,0,-4920.97,-954.649,501.512,30,0,0,0,0
4770,0,-4704.66,-1218.95,501.659,27,0,0,0,0
4772,0,-4969.57,-1204.68,501.621,35,0,0,0,0
4774,0,-4662.94,-956.396,500.377,35,0,0,0,0
4786,0,-5604.45,-462.581,401.93,25,0,0,0,0
4787,0,-5202.517,-487.07114,388.79883,15,0,0,0,0
4788,0,-5604.1,-462.396,402.061,25,0,0,0,0
4789,0,-5202.6284,-486.89175,388.82056,15,0,0,0,0
4820,0,-5187.41,-557.625,397.176,6,0,0,0,0
205,1,-1895.78,-1109.04,86.183,15,0,0,0,0
216,1,90.1003,-1943.44,79.4727,9,0,0,0,0
217,1,10708.8,762.092,1321.37,14,0,0,0,0
218,1,9859.09,588.761,1300.61,14,0,0,0,0
219,1,9556.24,1654.77,1299.49,14,0,0,0,0
220,1,10675.2,1857.45,1324.17,10,0,0,0,0
223,1,4508.17,373.376,32.5125,40,0,0,0,0
224,1,4605.57,385.158,31.4827,25,0,0,0,0
225,1,4558.36,421.446,33.7425,50,0,0,0,0
228,1,-753.596,-2212.78,21.5403,13,0,0,0,0
230,1,6744.98,41.1164,47.6041,13,0,0,0,0
231,1,5996.56,365.21,21.8661,40,0,0,0,0
232,1,5980.17,330.669,21.7655,40,0,0,0,0
233,1,4916.99,328.43,36.7678,50,0,0,0,0
234,1,4641.19,55.3801,66.6307,60,0,0,0,0
235,1,4554.65,146.354,59.5027,70,0,0,0,0
236,1,4643.38,145.349,57.9047,50,0,0,0,0
237,1,4504.31,32.3296,86.4913,80,0,0,0,0
238,1,6876.28,-486.029,40.1436,65,0,0,0,0
239,1,3469.43,847.62,5.36476,12,0,0,0,0
244,1,-4456.7,-1655.99,86.1095,8,0,0,0,0
246,1,-4932.53,-1596.05,84.8157,20,0,0,0,0
257,1,4252.37,756.974,-23.0632,12,0,0,0,0
302,1,-3463.26,-4123.13,17.1043,8,0,0,0,0
303,1,-4058.75,-2732.54,35.3301,10,0,0,0,0
422,1,-93.1614,1691.15,89.0649,20,0,0,0,0
442,1,-4666.52,-2536.82,86.9671,10,0,0,0,0
522,1,-1679.3,-4328.96,2.58591,4,0,0,0,0
527,1,9947.48,2630.04,1318.6,10,0,0,0,0
542,1,8799.41,969.787,30.2409,10,0,0,0,0
709,1,-3615.49,-4467.34,24.3141,30,0,0,0,0
715,1,9809.05,959.188,1315.35,32,0,0,0,0
716,1,6410.01,527.035,14.0578,32,0,0,0,0
717,1,2756.64,-423.057,119.387,32,0,0,0,0
722,1,-2366.7,-345.983,-1.29313,30,0,0,0,0
742,1,-405.311,-2645.29,111.972,30,0,0,0,0
743,1,-1051.44,-3653.81,31.1352,30,0,0,0,0
843,1,341.42,-4684.7,30.9493,30,0,0,0,0
924,1,-6773.49,-2889.77,15.1063,20,0,0,0,0
942,1,-4950.65,-1625.14,-3.0157,25,0,0,0,0
943,1,-4950.74,-1595.14,-3.0157,25,0,0,0,0
944,1,-4950.65,-1567.1,-3.0157,25,0,0,0,0
982,1,-2372.51,-1991.64,120.975,35,0,0,0,0
1022,1,898.482,922.688,126.788,35,0,0,0,0
1023,1,-7162.14,-3845.95,8.78193,20,0,0,0,0
1024,1,-4370.83,3289.15,23.7823,35,0,0,0,0
1025,1,-4461.92,242.578,45.2465,0,52.67,20.53,14.19,3.56
1387,1,4260.73,-6273.64,90.2289,20,0,0,0,0
1388,1,4277.58,-6296,95.5764,20,0,0,0,0
1667,1,-3464.71,-4120.93,17.0987,9,0,0,0,0
1726,1,-7286.01,-2125.06,-272.114,12,0,0,0,0
1727,1,-7208.42,-2027.09,-271.74,12,0,0,0,0
1728,1,-7170.02,-1852.79,-272.988,12,0,0,0,0
1729,1,-7395.19,-1735.68,-279.763,12,0,0,0,0
1730,1,-7449.9,-2111.57,-271.766,12,0,0,0,0
1731,1,-7463.35,-1957.64,-272.532,12,0,0,0,0
1732,1,-7509.58,-1946.56,-270.537,12,0,0,0,0
1733,1,-7516.87,-1829.76,-272.647,12,0,0,0,0
1734,1,-7594.12,-1771.62,-273.612,12,0,0,0,0
1735,1,-7748.9,-1721.14,-271.909,12,0,0,0,0
1736,1,-7768.61,-1957.63,-272.126,12,0,0,0,0
1737,1,-7612.56,-1930.87,-271.828,12,0,0,0,0
1738,1,-7952.2,-1792.01,-272.893,12,0,0,0,0
1739,1,-7895.29,-1623.62,-269.707,12,0,0,0,0
1740,1,-7874.18,-1806.3,-271.459,12,0,0,0,0
1766,1,-7308.7134,-2001.4731,-272.4505,12,0,0,0,0
1906,1,6818.56,-391.735,40.123,50,0,0,0,0
1966,1,4988.97,547.002,5.37929,11,0,0,0,0
2206,1,5483.9,-749.881,334.621,30,0,0,0,0
2207,1,5552.09,-683.813,335.25,25,0,0,0,0
2208,1,5587.02,-784.025,335.822,23,0,0,0,0
2211,1,6107.62,-4181.6,852.322,2,0,0,0,0
2213,1,5893.32,-4054.83,596.322,2,0,0,0,0
2230,1,1818.4,-4427.26,-10.4478,0,21.69,11.83,21.22,0.576
2266,1,245.587,1251.99,210.145,40,0,0,0,0
2267,1,-1596.16,3145.26,61.3618,0,30.03,30.03,30.03,0
2286,1,-5477.91,-2460.32,89.2837,20,0,0,0,0
2287,1,6687.99,-4670.07,723.891,20,0,0,0,0
2327,1,5018.91,-4563.94,851.75,50,0,0,0,0
2486,1,6207.5,-152.833,79.8185,15,0,0,0,0
2527,1,1643.36,-4233.6,56.1557,0,12.44,11.94,15.08,5.777
2610,1,2343.57,-2569,118.827,30,0,0,0,0
2848,1,-4768.61,-3752.11,53.4317,16,0,0,0,0
2926,1,1999.15,-1121.28,97.3537,9,0,0,0,0
2946,1,2.00575,402.673,101.012,45,0,0,0,0
3133,1,-1484.07,2617.57,75.7144,0,24.69,15.78,35.19,4.538
3134,1,-1181.98,2861.95,85.2581,0,31.69,17.33,34.19,3.211
3146,1,-7180.94,441.137,26.5449,10,0.2778,0.2778,0.2778,0
3183,1,-3730.48,933.975,160.973,0,9.389,12.78,19.67,0
3184,1,-3981.58,771.193,160.962,0,10.31,5.972,20.22,0
3185,1,-4028.21,123.966,26.8109,0,9.833,4.583,15.69,0.4712
3186,1,-3837.79,1250.23,160.223,0,8.194,9.083,18.36,0
3187,1,-3741.96,1249.18,160.217,0,7.861,10.33,18.69,0
3189,1,-3520.65,1068.72,161.128,0,9.861,11.86,23.22,0
3546,1,9933.94,2500.98,1317.82,12,0,0,0,0
3549,1,1253.79,-2227.52,92.248,15,0,0,0,0
3550,1,-959.299,-3759.21,4.98619,10,0,0,0,0
3551,1,-998.183,-3822.07,5.2954,10,0,0,0,0
3586,1,6221.84,-1152.75,383.231,4,0,0,0,0
3587,1,6221.89,-1153,383.272,5,0,0,0,0
3650,1,1422.33,-1855.33,135.775,0,6.583,4.833,6.944,3.037
3654,1,1034.19,-2087.74,123.372,0,5.972,9.333,18.31,1.588
3985,1,-6864.98,731.612,50,20,0,0,0,0
3986,1,-8215.09,-4622.04,7.53195,40,0,0,0,0
4008,1,-8424.94,1508.65,32.0142,0,12.14,50.06,35.64,2.635
4010,1,-8230.4,2005.33,129.863,0,16.69,31.19,46.58,0.925
4015,1,5085.82,-5110.64,929.979,6,0,0,0,0
4027,1,1332.27,-4607.67,24.3695,2,0.2778,0.2778,0.2778,0
4031,1,-7166.06,-3917.94,9.39558,2,0,0,0,0
4085,1,7763.328,-4010.7244,694.28015,95,0,0,0,0
4090,1,2716.6,1496.82,236.828,30,0,0,0,0
4101,1,1217.97,-4339.3,25.9124,6,0.2778,0.2778,0.2778,0
4102,1,1169.55,-4320.06,20.8756,6,0.3333,0.3333,0.3333,0
4103,1,-1545.39,51.3006,5.39339,6,0.2778,0.2778,0.2778,0
4104,1,9914.17,1864.67,1321.26,6,0,0,0,0
4105,1,9948.01,1932.53,1328.7,6,0,0,0,0
4162,1,-7142.04,1397.92,4.32689,4,0,0,0,0
4168,1,-7588.48,756.806,-16.4248,4,0,0,0,0
4299,1,-7376.84,447.272,4.52045,60,0,0,0,0
4319,1,-8158.9,-4155.65,-163.341,0,27.58,28.61,30.69,0.9599
4320,1,-8777.39,-4156.92,-208.068,0,28.44,55.08,51.94,1.92
4321,1,-8326.27,-4047.44,-207.522,0,40.83,21.44,112.4,2.199
4666,1,3637.82,-3957.88,20.258,0,1.944,46.83,39.08,0
4667,1,3263.37,-4082.66,28.3295,0,1.861,69.44,43.61,0
4670,1,2869.6,-3860.63,28.2644,0,0.4444,46.19,21.72,5.114
4671,1,2634.73,-3743.65,15.5847,0,1.944,33.44,33.69,0
4672,1,2416.39,-3682.47,22.0998,0,0.9444,71.81,27.44,0
4673,1,3451.85,-4011.01,21.3099,0,1.556,59.11,31.19,0
4714,1,-4622.31,-3172.12,34.8127,0,22.13,15.29,25.78,0
4719,1,-2108.45,-437.26,-7.83183,15,0.2778,0.2778,0.2778,0
4720,1,-2494.57,-4989.33,94.2346,0,0.3889,26.64,38.44,1.693
4752,1,-4234.48,-3909.55,-4.46316,50,0.2778,0.2778,0.2778,0
4775,1,-3182.41,-2920.82,33.5629,21,0,0,0,0
4797,1,1216.83,-4284.87,22.9361,5,0,0,0,0
4798,1,1179.15,-4301.63,21.0855,5,0,0,0,0
4799,1,1195.85,-4268.25,21.5732,5,0,0,0,0
4800,1,1178.13,-4287.65,21.1885,6,0,0,0,0
4801,1,1646.7659,-4413.3003,16.729399,0,35,35,35,0
4802,1,1953.4,-4687.29,24.9342,35,27,27,27,0
4803,1,1931.22,-4288.55,27.101,0,27,27,27,0
4804,1,1573.08,-4183.07,40.1409,35,35,35,35,0
4807,1,835.0719,-4515.3105,5.789046,25,0.2778,0.2778,0.2778,0
4808,1,1283.7983,-4406.811,26.344566,15,0,0,0,0
4809,1,1284.2396,-4406.838,26.336815,15,0,0,0,0
4810,1,835.3138,-4515.0713,5.789226,25,0,0,0,0
4829,1,1200.66,-4377.62,24.6488,6,0,0,0,0
60,24,47.6135,-28.9462,-8.81759,7,0,0,0,0
81,28,-259.24698,137.75117,36.568306,7,0,0,0,0
83,28,254.5694,-4.322051,6.486521,8,0,0,0,0
95,30,-409.82812,-802.7708,-13.246962,9,0,0,0,0
2606,30,-1510.09,-715.864,48.8774,0,9.556,14.06,16.17,0.7225
2608,30,946.833,-500.092,94.9295,0,8.667,18.31,24.31,1.134
3326,30,-767.073,-358.703,68.658,5,5.028,5.028,5.028,1.466
3327,30,-1221.35,-352.877,57.7212,5,5,5,5,0
3328,30,-1305.24,-268.868,92.0223,5,5,5,5,0
3329,30,213.923,-373.737,56.3891,5,0.3333,0.3333,0.3333,0
3330,30,326.26987,-503.78906,71.14377,4,0.3333,0.3333,0.3333,0
3331,30,683.107,-129.846,63.5983,5,0.3333,0.3333,0.3333,0
194,33,-230.953,2105.06,79.7533,5,0,0,0,0
254,33,-236.47,2202.42,97.3452,5,0,0,0,0
255,33,-223.399,2101.97,97.3899,5,0,0,0,0
256,33,-189.006,2145.69,97.3899,7,0,0,0,0
2406,33,-287.071,2175.64,36.8861,0,98.86,185.6,80.58,2.88
2407,33,-315.991,2179.63,91.7542,0,36.06,182.8,212.6,2.897
2408,33,-232.372,2077.1,68.1177,0,44.67,123.2,43.31,4.311
2409,33,-255.273,2035.76,114.437,0,59.69,228.5,169.4,4.328
2410,33,-167.092,2104.22,73.4497,0,53,114.7,17.08,6.021
2411,33,-179.729,2079.37,42.6945,0,19.03,162.1,187.1,6.091
503,34,39.3741,0.803469,-12.7883,8,0,0,0,0
109,35,-0.90042,16.443,-14.236,7,0,0,0,0
119,36,-14.3628,-393.38,64.5605,6,0,0,0,0
121,36,-110.76,-1009.19,34.8044,7,0,0,0,0
3746,36,-29.5547,-374.503,59.3562,6,0,0,0,0
226,43,-172.181,138.98,-66.6471,12,0,0,0,0
3766,43,-108.563,160.915,-79.7911,9,0,0,0,0
242,47,1936.39,1534.47,86.8769,8,0,0,0,0
262,47,2019.73,2004.6,61.6874,15,0,0,0,0
462,47,2107.72,1823.77,79.9696,10,0,0,0,0
463,47,2165.75,1944.75,61.4635,15,0,0,0,0
259,48,-148.633,121.08,-33.4141,12,0,0,0,0
283,48,-527.658,321.109,-50.2584,20,0,0,0,0
762,48,-842.076,-472.462,-34.0656,10,0,0,0,0
288,70,-228.193,34.1602,-39.2339,10,0,0,0,0
822,70,-234.444,319.127,-47.5885,20,0,0,0,0
882,70,-213.72,370.607,-35.3887,10,0,0,0,0
322,90,-312.205,-4.63256,-148.657,14,0,0,0,0
525,90,-717.868,1.37207,-241.293,12,0,0,0,0
1105,90,-377.056,44.05,-156.483,15,0,0,0,0
448,109,-300,99,-127,13,0,0,0,0
1306,109,-496.854,42.6929,-91.1318,25,0,0,0,0
1326,109,-467.521,95.3083,-105,7,0,0,0,0
4016,109,-662.106,3.83105,-90.8351,20,0,0,0,0
444,129,2593.94,1124.64,56.179,11,0,0,0,0
602,189,1687.57,1040.09,20.9829,8,0,0,0,0
604,189,853.679,1308.1,19.6714,8,0,0,0,0
606,189,1608.65,-308.97,20.7824,8,0,0,0,0
608,189,253.601,-196.804,21.0385,8,0,0,0,0
4089,189,864.623,1321.6,18.0683,5,0,0,0,0
4261,189,1693.77,1053.34,18.725,5,0,0,0,0
4262,189,1617.18,-323.432,18.6778,5,0,0,0,0
4263,189,269.061,-211.903,19.201,5,0,0,0,0
922,209,1190.35,840.587,13.4342,20,0,0,0,0
962,209,1909.27,1015.11,11.5155,10,0,0,0,0
1447,209,1811.05,700.976,15.294,30,20,20,20,0
1470,229,73.5083,-215.044,52.3869,10,0,0,0,0
1628,229,-78.5819,-401.395,38.9428,20,0,0,0,0
1946,229,70.8611,-409.014,64.3477,10,0,0,0,0
1986,229,91.0854,-408.374,64.3477,10,0,0,0,0
1987,229,109.608,-415.698,64.3477,10,0.3333,0.3333,0.3333,0
2026,229,153.763,-419.833,110.472,20,0,0,0,0
2046,229,102.43,-319.167,65.4635,10,0,0,0,0
2066,229,75.2622,-547.679,110.928,30,0,0,0,0
2067,229,26.4583,-522.471,110.943,15,0,0,0,0
2068,229,25.9285,-299.325,24.1095,0,20,20,20,0
3726,229,178.729,-474.412,120.565,0,3.806,7.917,7.889,0
1472,230,456.969,48.368,-65.2753,12,0,0,0,0
1526,230,596.432,-188.498,-50,8,0,0,0,0
1590,230,376.106,-191.242,-70.5449,10,0,0,0,0
1686,230,319.974,-215.185,-77.9542,10,0,0,0,0
1746,230,411.617,-201.646,-65.1446,10,0,0,0,0
1786,230,690.518,-280.052,-43.1969,7,0,0,0,0
1826,230,471.142,-9.34378,-69.7993,10,0,0,0,0
1827,230,1380.15,-554.604,-89.643,20,0,0,0,0
1828,230,497.399,13.2319,-70.1372,10,0,0,0,0
1926,230,845.911,-317.369,-50.2868,10,0,0,0,0
2886,230,1097.99,-466.494,-96.0719,20,0,0,0,0
4751,230,876.874,-179.58,-43.9252,10,0,0,0,0
1064,249,29.2427,-22.1812,10.5272,30,0,0,0,0
1626,269,3122.2,2324.64,-129.32,70,0,0,0,0
4288,269,-2023.58,7118.58,22.3164,20,0,0,0,0
4322,269,-1498.38,7017.88,33.2587,0,58.31,24.06,71.67,2.95
4485,269,-1529.84,7105.86,32.0611,0,3.583,36.86,25.94,0
2547,289,332.866,94.3108,92.2221,0,8.194,38.44,60.42,0
2548,289,322.884,112.137,98.6726,0,11.25,37.44,44.03,0.8029
2549,289,325.184,75.6181,93.8744,0,9.694,31.42,54.17,5.236
2568,289,182.265,126.45,143.707,0,12.33,8.889,16.39,0
3926,309,-11594.1,-1621.37,47.1446,15,0,0,0,0
3930,309,-11917,-1221,97.5616,10,0,0,0,0
3956,309,-11918.6,-1433.95,44.545,15,0,0,0,0
3957,309,-11916.8,-1256.7,92.5434,0,7.806,11.17,0.3333,0
3958,309,-11915.044,-1312.6764,77.501915,10,0.2778,0.2778,0.2778,0
3959,309,-11945.688,-1597.6073,36.756897,10,0,0,0,0
3960,309,-11788.9,-1595.06,36.9989,10,0,0,0,0
3961,309,-11614.2,-1361.51,76.84,15,0,0,0,0
3962,309,-11957.6,-1819.97,54.3114,15,0,0,0,0
3963,309,-12112.9,-1794.63,80.4163,15,0,0,0,0
3964,309,-11791,-1562.86,19.742,10,0,0,0,0
3965,309,-11610,-1749.86,38.7342,20,0,0,0,0
3966,309,-12072.3,-1479.05,106.495,10,0,0,0,0
2187,329,3673.6,-3633.87,139.943,5,0,0,0,0
2209,329,3665.11,-3164.96,127.224,10,0,0,0,0
2210,329,3663.95,-3164.27,127.361,10,0,0,0,0
2221,329,3584.78,-3632.05,142.118,10,9.778,17.94,27.92,0
3126,349,756.878,-633.96,-32.8191,0,15.94,26.44,44.14,1.641
3131,349,1005.02,-460.539,-43.2507,0,10.14,31.42,23.42,0.01745
2166,369,76.027,10.5043,-4.29659,0,9.417,19,20.64,0
2171,369,80.1633,2490.88,-1.85693,10,0,0,0,0
2226,389,2.58019,-0.013587,-13.3668,0,30.69,12.19,25.56,0
2890,409,1115.22,-462.959,-95.0148,20,0,0,0,0
3190,429,-55.9658,159.867,-3.46206,0,7.222,10.08,19.56,0
3191,429,24.5609,159.45,-3.46677,0,7.694,9.694,21.61,0
3193,429,255.249,-9.05606,-2.58737,0,8.333,8.583,20.72,0
3194,429,37.4499,-154.822,-2.71201,0,8.917,9.167,19.44,0
3195,429,-202.664,-314.876,-2.72353,0,9.806,10.17,17.44,0
3196,429,4.31119,-837.085,-33.0405,0,6.167,11.44,22.94,0
3197,429,194.351,-240.821,-25.6307,0,12.86,8.333,25.33,1.117
3506,429,580.754,487.506,29.4641,8,17,17,17,0
3507,429,580.657,475.885,29.4641,8,0,0,0,0
3508,429,592.507,486.31,29.4641,8,0,0,0,0
3509,429,591.92,476.404,29.4641,8,0,0,0,0
2534,449,-0.358041,-1.97986,-0.255884,0,7.306,3.833,6.194,0
2530,450,215.194,71.157,30.1276,0,10,10,10,3.595
2416,451,16304.2,16318.1,69.4444,0,22.83,7.667,25.67,2.601
4840,451,14666.9,-16268,8E-05,0,69.31,4.004,10,0
4841,451,14667.3,-16165.5,0,0,69.31,4.004,10,0
2426,469,-7474.01,-1286.34,431.304,0,181.8,234.7,63.94,5.323
2427,469,-7375.32,-1240.14,494.28,0,53.86,189.9,77.06,0.733
2428,469,-7568.4,-1375.66,468.508,0,225.3,75.97,132.2,5.341
2429,469,-7412.97,-1371.59,413.426,0,243.3,72.94,245.9,3.787
3626,469,-7529.1,-1007.19,408.565,10,0,0,0,0
3728,469,-7676.11,-1109.71,399.123,0,2.472,8.694,5.083,3.752
3646,489,1539.89,1481.36,352.659,5,0.3333,0.3333,0.3333,0
3647,489,918.496,1434.04,346.054,5,0.3333,0.3333,0.3333,0
3649,489,1532.0667,1151.6667,373.975,10,0,0,0,0
3686,489,1449.7667,1470.5667,342.625,4,0.3333,0.3333,0.3333,0
3687,489,1005.2667,1447.2667,335.893,4,0.3333,0.3333,0.3333,0
3688,489,1125.2267,1541.5007,307.3925,0,0.2778,0.2778,0.2778,0
3706,489,1316.9667,1550.9677,313.234,4,0.2778,0.2778,0.2778,0
3707,489,1319.7667,1378.6667,314.753,4,0.2778,0.2778,0.2778,0
3708,489,1112.64,1351.11,316.619,4,0.2778,0.2778,0.2778,0
3709,489,1140.0667,1560.7667,306.824,4,0,0,0,0
4628,489,1457.65,1447.77,360.747,0,66.53,295.6,76.78,0
4629,489,988.209,1501.48,351.178,0,68.53,222.7,64.14,0
4006,509,-8419.58,1504.28,31.7356,0,18,41.81,40.5,5.794
3866,529,1185.45,1184.71,-56.3633,4,0,0,0,0
3867,529,817.939,842.369,-56.5406,4,0,0,0,0
3868,529,809.0077,1185.2775,11.921605,4,0,0,0,0
3869,529,1147.01,816.854,-98.399,5,0,0,0,0
3870,529,989.852,1009.16,-42.6033,4,0,0,0,0
3948,529,1394.36,1303.64,-8.02586,0,7.306,16.89,17.64,0.3665
3949,529,627.192,699.957,-11.9921,0,7.889,14.22,17.28,3.334
4020,529,1313.93,1310.77,-7.70487,0,6.333,6.361,7.583,0
4021,529,683.961,681.23,-12.9158,0,5.472,5.5,4.722,0
4064,530,7922.68,-6501.51,47.3623,30,0,0,0,0
4071,530,7567.67,-7359.47,161.738,20,0,0,0,0
4108,530,7557.31,-6889.65,96.0266,13,0.2778,0.2778,0.2778,0
4109,530,7557.44,-6888.65,115,0,32.19,57.78,8.056,4.241
4150,530,-365.611,3087.62,-14.5594,0,11.44,12.22,15.58,1.798
4151,530,-310.211,3091.59,-4.15263,0,8.333,6.972,17.44,1.466
4152,530,-307.251,3170.51,28.9144,0,6.972,13.75,15.36,2.147
4153,530,-309.678,3079.12,-116.571,0,9.444,15.44,17.94,5.184
4170,530,-17.6081,3803.61,94.0948,10,0,0,0,0
4186,530,-3849.14,-12812.3,9.60385,3,0.2778,0.2778,0.2778,0
4233,530,9336.22,-7883.46,74.9095,2,0,0,0,0
4240,530,-4133.42,-12471.8,44.5721,15,0,0,0,0
4241,530,-2058.16,-11895,46.1452,15,0,0,0,0
4252,530,-329.146,2890.05,-52.8272,5,0.3333,0.3333,0.3333,0
4253,530,-274.7256,2804.727,-39.513546,0,9.278,9.111,8.222,0
4265,530,8701.48,-6636.8,64,15,0,0,0,0
4267,530,9285.97,-7916.01,176.13,2,0,0,0,0
4280,530,-1163.69,-11828.7,28.8506,100,0,0,0,0
4291,530,-111.149,8751.44,18.6635,60,0,0,0,0
4293,530,-751.146,5918.37,15.4162,80,174.1,249.5,159.1,0
4298,530,565.372,6944.28,-14.3311,0,29.39,36.64,33.11,0
4300,530,-201.4,5515.04,22.1213,0,8.583,8.583,14.72,0.2618
4301,530,-383.098,7257.32,55.4701,10,0,0,0,0
4326,530,-2336.63,-11971.4,32.5743,40,0,0,0,0
4336,530,192.903,2607.37,87.2835,20,0.2778,0.2778,0.2778,0
4337,530,-704.893,2733.99,100,0,26.42,55.06,25.44,0
4339,530,9851.13,-7500.49,-4.00157,10,0,0,0,0
4342,530,304.73816,6839.749,40.394764,60,0.2778,0.2778,0.2778,0
4345,530,-3544.86,4008.9,86.294,125,0,0,0,0
4352,530,-247.677,895.675,84.3622,0,72.83,6.611,53.81,0
4356,530,-248.243,1042.73,54.3183,50,0.2778,0.2778,0.2778,0
4363,530,782.879,6741.94,-72.5406,0,29.83,7.833,33.86,3.211
4364,530,818.487,6951.3,-80.5704,0,30.58,7.833,29.69,0
4365,530,745.839,7015.27,-72.1185,0,12.19,35.86,24.08,0
4368,530,-3279.52,6024.61,-1.30747,80,0,0,0,0
4369,530,-1511.62,8528.24,3.19522,80,0,0,0,0
4370,530,-711.7543,7885.953,46.37338,100,0,0,0,0
4371,530,-790.687,7719.68,49.4336,80,0,0,0,0
4372,530,-1338.25,7223.77,37.687,100,0,0,0,0
4373,530,229.352,7933.05,35,0,32.92,36.19,20.89,2.758
4374,530,282.22,6099,132.479,0,49.69,21.56,35.11,0
4375,530,-1224.93,7158.39,57.2651,32,0.2778,0.2778,0.2778,0
4376,530,-2734.68,7308.69,71.4098,0,134.5,67.61,106.6,2.74
4377,530,-2912.374,4024.9111,0.425284,14,16.47,43.83,25.03,2.985
4378,530,-2620.05,4461.38,36.0934,32,0.2778,0.2778,0.2778,0
4380,530,-573.995,4147.89,68.5199,13,0,0,0,0
4381,530,218.737,4333.86,119.044,15,0,0,0,0
4382,530,-172.55484,5524.599,29.407532,0,18.81,27.25,19.97,5.027
4383,530,1060.5065,7372.8057,39.342094,20,0.2778,0.2778,0.2778,0
4386,530,6107.26,-6990.64,137.317,0,42.14,18.64,45.67,0.6632
4387,530,-3080.82,5334.56,17.2728,100,0.2778,0.2778,0.2778,0
4389,530,-2072.47,5278.43,-37.3235,5,0,0,0,0
4404,530,-3361.55,5236.87,-101.048,0,26.33,11.44,19.61,0
4405,530,-3068.13,4942.8,-101.048,0,12.33,22.19,27.08,0
4406,530,-3362.35,4650.31,-101.048,0,25.22,9.611,23.81,0
4407,530,-3656.05,4943.11,-101.048,0,12.19,23.86,26.67,0
4410,530,-1852.67,5070.02,-32.1938,7,0,0,0,0
4415,530,4160.23,3051.61,337.03,14,0.2778,0.2778,0.2778,0
4416,530,843.885,6865.24,-66.9898,0,12.47,22.08,41.08,0
4422,530,3044.15,3611.4,143.506,4.5,0,0,0,0
4425,530,-1636.51,5301.06,-40.2092,0,24.31,23.28,11.83,0
4426,530,-1831.11,5363.22,-12.4281,0,8.278,11.78,16.78,2.147
4427,530,-1659.58,5341.87,-46.9202,0,11.61,16.61,12.11,2.077
4428,530,-1669.8677,5424.9976,-38.826454,0,16.42,13.06,10.69,0
4429,530,-1871.0577,5304.6626,-12.428138,0,17.92,27.58,21.83,0
4430,530,-1979.2913,5414.7153,-12.428136,0,29.42,12.81,20.72,0.1396
4431,530,-1877.93,5546.75,-12.4281,0,10.03,20.56,16.17,0
4432,530,-2013.46,5479.83,3.71789,0,6.222,27.94,10.97,2.862
4433,530,-2020.33,5481.89,3.2858,0,6.861,17.06,11.33,2.862
4434,530,-1812.73,5588.32,3.28578,0,5.333,33.72,10.03,1.187
4435,530,-1815.88,5577.89,3.71787,0,14.31,34.11,7.444,1.187
4439,530,-591.48,4074.54,93.8281,2,0,0,0,0
4440,530,-591.715,4074.52,143.258,2,0,0,0,0
4443,530,-2260.12,3219.22,5.99697,2,0,0,0,0
4445,530,-2245.02,3124.32,27.3888,2,0,0,0,0
4466,530,3114.18,3687.98,143.558,4.5,0,0,0,0
4467,530,3418.92,1479.01,184.059,0,9.278,10.22,24,5.62
4468,530,3314.78,1325.92,507.348,0,9.472,10.58,15.94,5.096
4469,530,2861.37,1545.39,252.158,0,2.417,11.11,17.11,3.857
4470,530,3087.18,1364.53,184.071,0,9.972,12.33,31.08,4.625
4471,530,3017.81,3746.68,144.249,4.5,0,0,0,0
4472,530,2951.23,3720.13,143.279,4.5,0,0,0,0
4473,530,4199.7,1766.39,133.21,10,0.2778,0.2778,0.2778,0
4475,530,3923.06,3873.36,180.752,10,0.2778,0.2778,0.2778,0
4478,530,4682.1,2509.13,240.238,10,0,0,0,0
4479,530,4131.01,2930.3,354.522,0,5.806,0.8611,16.33,4.747
4482,530,4007.32,1517.18,-115.927,20,0,0,0,0
4486,530,9477.67,-6858.7,17.3575,0,45.61,21.47,43.11,5.48
4493,530,281.5,6117,146,0,17.58,26.33,9.361,0
4494,530,2405,5941,153,30,0.2778,0.2778,0.2778,0
4495,530,4180.39,3052.91,336.841,0,7.611,11.69,6.556,5.69
4496,530,-3836.7153,2499.7773,84.69063,15,0.2778,0.2778,0.2778,0
4497,530,2345.53,2790.44,133.084,0,8.75,7.472,10.58,4.259
4499,530,2099.5,6904.67,183.23,0,37.56,29.22,49.86,0.8203
4506,530,3905.64,2104.29,139.016,3,0,0,0,0
4507,530,3895.12,2086.04,136.804,2,0,0,0,0
4521,530,3070.64,3699.79,142.477,0,26.97,24.64,13.42,2.059
4523,530,4798.13,3780.39,213.856,0,10.61,10.08,9.444,0.6807
4526,530,-2961.93,2559.29,78.5183,14,0.3333,0.3333,0.3333,0
4527,530,-2960.25,2557.16,113,0,29.17,29.31,50.08,0
4528,530,-4085,2176,111.676,0,39.67,33.42,26.58,3.194
4529,530,-4090.08,2202,97.2245,0,18.44,20.64,10.5,0
4535,530,3556.79,5083.41,1.44248,0,3.361,39.69,56.86,5.707
4542,530,2484.82,6420.38,-10.3384,50,0.2778,0.2778,0.2778,0
4546,530,2035.67,6835,173.7,10,10,10,10,0
4548,530,-3300.38,2927.28,170.938,0,10,10,10,0
4555,530,4112.02,3071,339.465,0,24.06,27.33,22.53,0.4189
4556,530,4131.54,3070.05,339.465,0,14.17,14.69,10.61,0.5061
4557,530,4097.35,3053.38,341,0,14.64,12.75,7.25,5.027
4558,530,1945.36,5537.42,266.63,7,0.2778,0.2778,0.2778,0
4560,530,-3277.3801,2819.6301,125.24001,0,8.333,9.583,0.4444,0
4561,530,-2829.78,1953.76,202.46,2.3,0.2778,0.2778,0.2778,0
4562,530,-2745.24,2730.42,127.776,2.3,0,0,0,0
4563,530,-3279.63,2828.46,123.229,0,7.056,2.5,12.19,0
4566,530,-3278.77,2831,123.02,0,9.306,1.889,11.75,0
4576,530,3673.1,6638.59,129.145,0,0.3333,0.3333,0.3333,0
4577,530,-2978.52,864.132,-7.48687,18,0,0,0,0
4578,530,-3277.6,2801.42,122.993,0,10.31,0.9722,9.389,0
4579,530,-3277.47,2803.09,122.986,0,9.139,1.472,10.19,0
4580,530,3661.05,6755.4,132.499,15,0,0,0,0
4581,530,-4300.96,1390.93,143.988,40,0.2778,0.2778,0.2778,0
4582,530,-4124.47,1308.08,54.139,25,0,0,0,0
4583,530,-4405.35,1302.99,84.9446,20,0,0,0,0
4588,530,-4230.58,1419.35,130.502,35,0,0,0,0
4589,530,-4109.42,1355.26,72.085,25,0,0,0,0
4590,530,-4436.02,1276.48,71.6192,20,0,0,0,0
4591,530,813.934,6865.66,-67.715,20,0.3333,0.3333,0.3333,0
4595,530,2230.12,4716.43,161.946,14,0,0,0,0
4598,530,-3671.96,318.534,31.6194,0,25.94,27.44,33.61,3.002
4607,530,-4133.8,1131.44,50,17,0,0,0,0
4608,530,-4133.8,1131.48,74,26,0,0,0,0
4609,530,-4118,1158.09,72.258,7,0,0,0,0
4613,530,3784.54,6727.67,170.447,5,0,0,0,0
4615,530,3625.02,6543.51,155.006,6,0.2778,0.2778,0.2778,0
4616,530,3734.4,6639.75,133.646,7,0.2778,0.2778,0.2778,0
4617,530,3575.69,6666.13,128.489,6,0.2778,0.2778,0.2778,0
4640,530,3020.92,5434.32,146.617,0,15.44,25.36,27.86,5.393
4713,530,-2106.04,5107.84,-0.567709,12,0.3333,0.3333,0.3333,0
4722,530,8702.08,-6636.34,99,20,0,0,0,0
4738,530,6851.88,-8008.73,192.318,0,33.78,17.17,26.94,0
4794,530,-1664.2487,8170.776,-24.093794,10,0,0,0,0
4847,530,12831.2,-7011.44,50.5932,0,103.6,64.04,67.04,5.434
4851,530,9346.08,-7266.77,14.7024,2,0,0,0,0
4852,530,-3999.62,-11909.6,-1.50936,2,0,0,0,0
4874,530,-1983.06,5089.1,7.85394,2,0,0,0,0
4887,530,12878.8,-7348.74,65.531,0,19,17,36,5.802
4889,530,12551,-6775.15,15.0531,0,5,12,28,6.264
4012,531,-8231.33,2003.6,129.861,0,38.89,10.31,81.64,5.655
4033,531,-8546.23,1987.65,-96.5207,5,0,0,0,0
4034,531,-8545.679,1987.7014,-32.939228,15,0,0,0,0
4036,531,-8578,1986.8,100.22,7,0,0,0,0
4047,531,-8967.96,1312.62,-104.696,20,0.2778,0.2778,0.2778,0
4052,531,-8176.83,1673.37,-32.2183,0,19.42,48.11,26.42,6.091
4191,532,-11038.6,-1969.2,96.472,0,3.944,4.444,0.3333,3.054
4216,532,-11178.6,-1896.35,232.009,10,0,0,0,0
4242,532,-11171.9,-1908.02,232.009,15,0,0,0,0
4436,532,-11118.4,-2007.95,47.0803,0,17.36,33.69,21.19,0.6807
4520,532,-11036.5,-2001.65,93.4683,0,5.944,6.833,10.67,5.411
4522,532,-11048.2,-1984.09,101.701,0,6.861,4.444,0.3333,0.2793
4086,533,3292.7385,-3151.5906,297.56873,10,0,0,0,0
4087,533,3291.107,-3151.295,297.58035,100,0,0,0,0
4088,533,3321.29,-3119.88,297.57,90,0,0,0,0
4097,533,3320.9355,-3119.1218,297.5734,100,0,0,0,0
4112,533,3716.38,-5106.78,141.29,10,0,0,0,0
4113,533,3432.81,-3007.21,295.609,10,0,0,0,0
4114,533,3432.3,-3007.28,295.609,10,0,0,0,0
4115,533,3322.74,-3700.38,262.701,20,0,0,0,0
4116,533,2740,-3383.42,267.685,10,0,0,0,0
4117,533,2917.03,-3344.55,298.146,12,0,0,0,0
4119,533,3214.34,-3476.68,287.072,10,0,0,0,0
4120,533,3493.45,-5375.38,138.168,50,0,0,0,0
4156,533,3006.09,-3434.17,306.195,6,0.2778,0.2778,0.2778,0
4158,533,3754.55,-5115.36,142.435,0,30.72,19.22,16.89,6.074
4163,533,3320.73,-3115.07,297.609,100,0.2778,0.2778,0.2778,0
4166,533,3310.2236,-2990.238,294.66058,100,0.2778,0.2778,0.2778,0
4167,533,3498.16,-5349.03,144.968,50,0,0,0,0
4177,533,2661.04,-3467.17,262.142,90,0,0,0,0
4180,533,3374.043,-3059.2544,294.6623,0,26.61,41.94,41.89,0
4184,533,2793.9592,-3707.1792,276.54202,21,0.2778,0.2778,0.2778,0
4311,534,4162.02,-4227.07,869.185,0,11.17,25.31,35.06,3.054
4312,534,4284.15,-4138.85,866.811,0,20.31,21.25,21.97,0.3316
4313,534,4203.64,-4103.24,878.363,0,26.28,14.33,22.94,0.2793
4323,534,4273.8,-4235.81,866.12,0,17.17,15.61,30.08,6.004
4341,534,5189.88,-3397.64,1635.05,100,0,0,0,0
4487,534,4274.66,-4234.81,866.039,0,18.5,26.69,24.64,6.056
4145,540,-41.748,-32.4536,-13.5294,0,10.69,7.667,15.42,1.466
4182,540,-28.071884,-5.202989,-10.890538,0,4.278,4.278,4.417,3.648
4183,540,-23.701105,-2.835872,-11.094698,0,3.583,4.083,4.583,3.683
4246,540,281.84024,-84.56642,2.119067,8,0.2778,0.2778,0.2778,0
4347,540,181.405,220.67,-20.122,30,0.3333,0.3333,0.3333,0
4524,540,226.9,266.491,-13.2033,0,12.97,15.44,19.11,0
4575,540,483.441,233.694,0.253047,100,0.2778,0.2778,0.2778,0
4147,542,0.276847,27.549,-44.7585,0,6.444,7.361,18.25,1.222
4200,542,327.363,-153.923,-17.9831,0,3.5,15.67,15.81,4.66
4201,542,326.418,-160.035,-19.7136,0,2.861,18.42,13.06,1.518
4297,543,-1360.18,1631.94,68.437,0,8.222,11.78,19.25,4.154
4304,543,-1070,1732,35,0,294,292.6,82.61,3.211
4149,544,189.018,57.1028,68.1077,0,25.31,26.56,32.06,0
4192,544,-39.738174,18.283709,-0.41246,20,0,0,0,0
4193,544,-13.630307,27.318035,-0.412483,20,0,0,0,0
4194,544,7.181796,1.720103,-0.404406,20,0,0,0,0
4195,544,-11.57274,-25.558283,-0.412465,20,0,0,0,0
4196,544,-20.7142,-0.352886,-0.4054,10,0,0,0,0
4366,545,-29.3038,4.54638,-4.30645,0,11.86,35.25,31.44,0
4674,545,-295.779,-119.649,-7.8203,150,0.2778,0.2778,0.2778,0
4281,546,331.801,-331.266,22.1883,25,0,0,0,0
4292,546,330.185,-384.734,48.2591,0,31.53,14.22,12.56,3.334
4302,546,234.98,-379.276,72.5221,10,0.3333,0.3333,0.3333,0
4303,546,162.528,-459.92,73.7029,20,0.2778,0.2778,0.2778,0
4367,546,3.96863,-8.23096,-2.75157,0,22.39,8.306,22.75,0.5236
4295,547,-139.877,-753.076,37.9013,0,12.75,43.36,28,0.192
4379,547,120.382,-144.004,-0.315267,0,29.86,12.94,29.42,0
4411,547,-85.93365,-490.4144,-1.582488,0,0.3333,0.3333,0.3333,0
4418,548,-13.0809,1.48145,824.931,0,21.47,24.03,47.19,0
4652,548,39,-418,-19.5067,25,0.2778,0.2778,0.2778,0
4457,550,-25.8275,-0.898902,-2.42838,0,20.11,21.81,47.58,0
4455,552,-11.1502,0.063509,-0.205516,0,14.11,16.69,43.94,0
4459,553,53.135,-40.9833,-1.10937,0,16.19,12.61,27.22,5.515
4612,553,166.009,391.59,-37.0924,0,11.83,10.58,28.31,0
4461,554,-47.1594,0.086916,-1.81237,0,17.03,31.92,49.78,0
4614,554,65.9682,149.679,25.5808,0,15,30.53,40.67,0
4397,555,13.2373,-0.036384,-1.1279,0,11.5,16.94,22.22,0
4399,556,-14.3811,-0.530536,0.007507,0,12.75,27.69,28.5,0
4401,557,13.0691,1.37188,-0.954291,0,13.75,22.11,29.5,0
4403,558,-33.9297,0.44254,-0.120535,0,11.61,23.64,25.58,0
4536,559,4009.19,2895.25,13.0527,4,0,0,0,0
4537,559,4103.33,2946.35,13.0513,4,0,0,0,0
4917,559,4054.15,2923.7,-40,0,214,216,20,0.468
5006,559,4054.15,2923.7,0,0,214,216,20,0.468
5008,559,4054.15,2923.7,-20,0,214,216,20,0.468
4324,560,2768.3,1292.79,13.6358,0,15.08,59.83,38.81,5.969
4498,560,1810.9,1033.22,11.0698,3,0.2778,0.2778,0.2778,0
4501,560,1872.1,1078.67,17.6215,4,0,0,0,0
4502,560,1822.64,991.42,11.4139,3,0,0,0,0
4503,560,1794.72,1018.69,11.2987,2,0,0,0,0
4504,560,1900.87,1111.92,18.0572,2,0,0,0,0
4538,562,6248.73,274.695,11.2213,4,0,0,0,0
4539,562,6228.21,249.557,11.2173,4,0,0,0,0
4919,562,6188.01,320,20,0,313.9,27.06,60,0.8782
4921,562,6288.22,210,20,0,313.9,27.06,60,0.8782
4922,562,6214.87,200.261,20,0,71.11,24.62,60,5.579
4923,562,6187.77,196.88,20,0,159,23.26,60,5.579
4924,562,6264.76,329.752,3.41421,0,71.11,24.62,60,5.623
4925,562,6290.77,333.412,20,0,208,37.57,60,5.623
4944,562,6237.84,261.363,-20,0,185.1,227,20,5.623
5039,562,6237.84,261.363,-40,0,185.1,227,20,5.623
5040,562,6237.84,261.363,-60,0,185.1,227,20,5.623
4619,564,75.829,997.844,-89.8277,0,18.47,46.08,54.94,0
4648,564,706.4,305.061,353.803,50,0.2778,0.2778,0.2778,0
4649,564,678.185,285.959,355.901,30,0,0,0,0
4650,564,676.404,323.603,355.509,30,0,0,0,0
4653,564,677.052,323.685,355.549,30,0,0,0,0
4654,564,676.522,286.521,355.587,30,0,0,0,0
4655,564,639.987,306.817,353.287,1,0,0,0,0
4656,564,676.887,286.488,355.601,30,0,0,0,0
4657,564,677.574,323.976,355.704,30,0,0,0,0
4665,564,517.279,403.156,193.2,10,0.2778,0.2778,0.2778,0
4760,564,760.824,237.677,353.308,0,0.2778,0.2778,0.2778,0
4534,565,21.2699,-2.93541,0.06437,0,96.81,120.7,39.44,1.117
4476,566,2048.48,1393.6,1194.54,3,0,0,0,0
4512,566,2048.47,1393.59,1194.54,3,0,0,0,0
4514,566,2044,1729.73,1190.03,3,0,0,0,0
4515,566,2043.95,1729.78,1190.04,3,0,0,0,0
4516,566,2284.78,1731.12,1190.08,3,0,0,0,0
4517,566,2284.77,1731.11,1190.08,3,0,0,0,0
4518,566,2286.56,1402.36,1197.29,3,0,0,0,0
4519,566,2286.56,1402.34,1197.29,3,0,0,0,0
4530,566,1807.71,1539.58,1268,28,0.2778,0.2778,0.2778,0
4531,566,2523.48,1596.56,1269,28,0,0,0,0
4568,566,2050.46,1372.26,1194.56,3,0.2778,0.2778,0.2778,0
4569,566,2046.33,1748.81,1190.03,3,0.2778,0.2778,0.2778,0
4570,566,2283.38,1748.98,1189.71,3,0,0,0,0
4571,566,2302.69,1391.27,1197.77,3,0,0,0,0
4723,568,-80.1458,1345.64,40.7711,0,59.44,59.19,7.333,0
4724,568,-37.061,1149.98,19.0636,0,32.42,38.22,5.583,0
4725,568,362.48,1402.7,74.4389,0,48.72,71.31,15.61,0.2618
4726,568,369.784,1100.72,6.05714,0,31.81,27.14,13.94,0
4739,568,120.56,1789.88,43.5058,0,32.19,19.08,42.06,0
4768,568,124.796,1471.83,16.7019,0,300,260,335.7,0
4782,568,-34.4559,1089.49,18.7115,35,0.2778,0.2778,0.2778,0
4696,572,1328.72,1632.72,36.7304,4,0,0,0,0
4697,572,1243.3,1699.17,34.8726,4,0,0,0,0
4927,572,1200.33,1682.09,33.0781,0,158.4,26.14,40,0.8875
4928,572,1223.61,1630.81,32.6071,0,127.3,28.43,40,5.617
4929,572,1359.18,1692.25,37.0705,0,158.4,26.14,40,5.615
4930,572,1371.51,1649.08,34.5089,0,158.4,26.14,40,0.8875
4931,572,1299.76,1554.74,40,0,127,30.63,40,0.125
4932,572,1274.51,1774.68,27.0366,0,127,30.63,40,0.125
4933,572,1246.06,1743.62,40,0,33.88,21.23,40,1.675
4934,572,1305.44,1754.14,40,0,33.88,21.23,40,1.675
4935,572,1321.62,1586.98,40,0,33.88,21.23,40,1.675
4936,572,1269.12,1579.99,40,0,33.88,21.23,40,1.675
4941,572,1285.36,1667.68,10,0,212.5,207.3,20,2.479
5041,572,1285.36,1667.68,-10,0,212.5,207.3,20,2.479
5042,572,1285.36,1667.68,-30,0,212.5,207.3,20,2.479
4853,580,1595.6,679.533,52.6303,0,35.14,88.18,33.69,5.576
4891,580,1797.29,925.317,15.0566,0,4.924,14.66,16.77,6.264
4937,580,1807.27,597.651,52,0,65.13,10.16,17.63,5.953
4849,585,231.891,-271.377,-7.65113,0,100,100,100,0
4885,585,-5.89453,-0.123698,-2.80323,0,3.432,16.14,7.543,0
